<li><a href="/wiki/1141" title="1141">1141</a> (probable)<sup class="reference" id="cite_ref-17"><a href="#cite_note-17">[17]</a></sup> – <a href="/wiki/Malcolm_IV_of_Scotland" title="Malcolm IV of Scotland">Malcolm IV of Scotland</a> (d. 1165)</li>
<li><a href="/wiki/1185" title="1185">1185</a> – <a href="/wiki/Afonso_II_of_Portugal" title="Afonso II of Portugal">Afonso II of Portugal</a> (d. 1223)<sup class="reference" id="cite_ref-18"><a href="#cite_note-18">[18]</a></sup></li>
<li><a href="/wiki/1408" title="1408">1408</a> – <a href="/wiki/John_de_Vere,_12th_Earl_of_Oxford" title="John de Vere, 12th Earl of Oxford">John de Vere, 12th Earl of Oxford</a> (d. 1462)<sup class="reference" id="cite_ref-19"><a href="#cite_note-19">[19]</a></sup></li>
<li><a href="/wiki/1420" title="1420">1420</a> – <a href="/wiki/George_of_Pod%C4%9Bbrady" title="George of Poděbrady">George of Poděbrady</a>, King of Bohemia (d. 1471)</li>
<li><a href="/wiki/1464" title="1464">1464</a> – <a href="/wiki/Joan_of_France,_Duchess_of_Berry" title="Joan of France, Duchess of Berry">Joan of France, Duchess of Berry</a> (d. 1505)</li>
<li>1464   – <a href="/wiki/Robert_Fayrfax" title="Robert Fayrfax">Robert Fayrfax</a>, English Renaissance composer (d. 1521)</li>
<li><a href="/wiki/1484" title="1484">1484</a> – <a href="/wiki/Julius_Caesar_Scaliger" title="Julius Caesar Scaliger">Julius Caesar Scaliger</a>, Italian physician and scholar (d. 1558)</li>
<li><a href="/wiki/1500" title="1500">1500</a> – <a href="/wiki/Alexander_Ales" title="Alexander Ales">Alexander Ales</a>, Scottish theologian and academic (d. 1565)</li>
<li>1500   – <a href="/wiki/Johann_Stumpf_(writer)" title="Johann Stumpf (writer)">Johann Stumpf</a>, Swiss writer (d. 1576)</li>
<li><a href="/wiki/1512" title="1512">1512</a> – <a class="mw-redirect" href="/wiki/Henry_FitzAlan,_19th_Earl_of_Arundel" title="Henry FitzAlan, 19th Earl of Arundel">Henry FitzAlan, 19th Earl of Arundel</a>, Chancellor of the University of Oxford (d. 1580)</li>
<li><a href="/wiki/1516" title="1516">1516</a> – <a href="/wiki/Georg_Fabricius" title="Georg Fabricius">Georg Fabricius</a>, German poet, historian, and archaeologist (d. 1571)</li>
<li><a href="/wiki/1564" title="1564">1564</a> – <a href="/wiki/William_Shakespeare" title="William Shakespeare">William Shakespeare</a>, English playwright and poet (d. 1616)<sup class="reference" id="cite_ref-20"><a href="#cite_note-20">[20]</a></sup></li>
<li><a href="/wiki/1598" title="1598">1598</a> – <a href="/wiki/Maarten_Tromp" title="Maarten Tromp">Maarten Tromp</a>, Dutch admiral (d. 1653)</li>
<li><a href="/wiki/1621" title="1621">1621</a> – <a href="/wiki/William_Penn_(Royal_Navy_officer)" title="William Penn (Royal Navy officer)">William Penn</a>, English admiral and politician (d. 1670)</li>
<li><a href="/wiki/1628" title="1628">1628</a> – <a href="/wiki/Johannes_Hudde" title="Johannes Hudde">Johannes Hudde</a>, Dutch mathematician and politician (d. 1704)</li>
<li><a href="/wiki/1661" title="1661">1661</a> – <a href="/wiki/Issachar_Berend_Lehmann" title="Issachar Berend Lehmann">Issachar Berend Lehmann</a>, German-Jewish banker, merchant and diplomat (d. 1730)</li>
<li><a href="/wiki/1715" title="1715">1715</a> – <a href="/wiki/Johann_Friedrich_Doles" title="Johann Friedrich Doles">Johann Friedrich Doles</a>, German composer and conductor (d. 1797)</li>
<li><a href="/wiki/1720" title="1720">1720</a> – <a href="/wiki/Vilna_Gaon" title="Vilna Gaon">Vilna Gaon</a>, Lithuanian rabbi and author (d. 1797)</li>
<li><a href="/wiki/1744" title="1744">1744</a> – <a href="/wiki/Princess_Charlotte_Amalie_Wilhelmine_of_Schleswig-Holstein-Sonderburg-Pl%C3%B6n" title="Princess Charlotte Amalie Wilhelmine of Schleswig-Holstein-Sonderburg-Plön">Princess Charlotte Amalie Wilhelmine of Schleswig-Holstein-Sonderburg-Plön</a> (d. 1770)</li>
<li><a href="/wiki/1748" title="1748">1748</a> – <a href="/wiki/F%C3%A9lix_Vicq-d%27Azyr" title="Félix Vicq-d'Azyr">Félix Vicq-d'Azyr</a>, French physician and anatomist (d. 1794)</li>
<li><a href="/wiki/1791" title="1791">1791</a> – <a href="/wiki/James_Buchanan" title="James Buchanan">James Buchanan</a>, American soldier, lawyer, and politician, 15th <a href="/wiki/President_of_the_United_States" title="President of the United States">President of the United States</a> (d. 1868)</li>
<li><a href="/wiki/1792" title="1792">1792</a> – <a href="/wiki/Thomas_Romney_Robinson" title="Thomas Romney Robinson">Thomas Romney Robinson</a>, Irish astronomer and physicist (d. 1882)</li>
<li><a href="/wiki/1794" title="1794">1794</a> – <a href="/wiki/Wei_Yuan" title="Wei Yuan">Wei Yuan</a>, Chinese scholar and author (d. 1856)</li>
<li><a href="/wiki/1805" title="1805">1805</a> – <a class="mw-redirect" href="/wiki/Johann_Karl_Friedrich_Rosenkranz" title="Johann Karl Friedrich Rosenkranz">Johann Karl Friedrich Rosenkranz</a>, German philosopher and academic (d. 1879)</li>
<li><a href="/wiki/1812" title="1812">1812</a> – <a href="/wiki/Frederick_Whitaker" title="Frederick Whitaker">Frederick Whitaker</a>, English-New Zealand lawyer and politician, 5th <a href="/wiki/Prime_Minister_of_New_Zealand" title="Prime Minister of New Zealand">Prime Minister of New Zealand</a> (d. 1891)</li>
<li><a href="/wiki/1813" title="1813">1813</a> – <a href="/wiki/Stephen_A._Douglas" title="Stephen A. Douglas">Stephen A. Douglas</a>, American educator and politician, 7th <a href="/wiki/Illinois_Secretary_of_State" title="Illinois Secretary of State">Illinois Secretary of State</a> (d. 1861)</li>
<li>1813   – <a href="/wiki/Fr%C3%A9d%C3%A9ric_Ozanam" title="Frédéric Ozanam">Frédéric Ozanam</a>, Italian-French historian and scholar (d. 1853)</li>
<li><a href="/wiki/1818" title="1818">1818</a> – <a href="/wiki/James_Anthony_Froude" title="James Anthony Froude">James Anthony Froude</a>, English historian, novelist, biographer and editor (d. 1894)</li>
<li><a href="/wiki/1819" title="1819">1819</a> – <a href="/wiki/Edward_Stafford_(politician)" title="Edward Stafford (politician)">Edward Stafford</a>, Scottish-New Zealand educator and politician, 3rd <a href="/wiki/Prime_Minister_of_New_Zealand" title="Prime Minister of New Zealand">Prime Minister of New Zealand</a> (d. 1901)</li>
<li><a href="/wiki/1853" title="1853">1853</a> – <a href="/wiki/Winthrop_M._Crane" title="Winthrop M. Crane">Winthrop M. Crane</a>, American businessman and politician, 40th <a href="/wiki/Governor_of_Massachusetts" title="Governor of Massachusetts">Governor of Massachusetts</a> (d. 1920)</li>
<li><a href="/wiki/1856" title="1856">1856</a> – <a href="/wiki/Granville_Woods" title="Granville Woods">Granville Woods</a>, American inventor and engineer (d. 1910)</li>
<li><a href="/wiki/1857" title="1857">1857</a> – <a href="/wiki/Ruggero_Leoncavallo" title="Ruggero Leoncavallo">Ruggero Leoncavallo</a>, Italian composer (d. 1919)</li>
<li><a href="/wiki/1858" title="1858">1858</a> – <a href="/wiki/Max_Planck" title="Max Planck">Max Planck</a>, German physicist and academic, <a href="/wiki/Nobel_Prize_in_Physics" title="Nobel Prize in Physics">Nobel Prize</a> laureate (d. 1947)</li>
<li><a href="/wiki/1860" title="1860">1860</a> – <a href="/wiki/Justinian_Oxenham" title="Justinian Oxenham">Justinian Oxenham</a>, Australian public servant (d. 1932)</li>
<li><a href="/wiki/1861" title="1861">1861</a> – <a href="/wiki/Edmund_Allenby,_1st_Viscount_Allenby" title="Edmund Allenby, 1st Viscount Allenby">Edmund Allenby, 1st Viscount Allenby</a>, English field marshal and diplomat, <a class="mw-redirect" href="/wiki/List_of_diplomats_of_the_United_Kingdom_to_Egypt" title="List of diplomats of the United Kingdom to Egypt">British High Commissioner in Egypt</a> (d. 1936)</li>
<li>1861   – <a href="/wiki/John_Peltz" title="John Peltz">John Peltz</a>, American baseball player and manager (d. 1906)</li>
<li><a href="/wiki/1865" title="1865">1865</a> – <a class="mw-redirect" href="/wiki/Ali-Agha_Shikhlinski" title="Ali-Agha Shikhlinski">Ali-Agha Shikhlinski</a>, Russian-Azerbaijani general (d. 1943)</li>
<li><a href="/wiki/1867" title="1867">1867</a> – <a href="/wiki/Johannes_Fibiger" title="Johannes Fibiger">Johannes Fibiger</a>, Danish physician and pathologist, <a href="/wiki/Nobel_Prize_in_Physiology_or_Medicine" title="Nobel Prize in Physiology or Medicine">Nobel Prize</a> laureate (d. 1928)</li>
<li><a href="/wiki/1876" title="1876">1876</a> – <a href="/wiki/Arthur_Moeller_van_den_Bruck" title="Arthur Moeller van den Bruck">Arthur Moeller van den Bruck</a>, German historian and author (d. 1925)</li>
<li><a href="/wiki/1880" title="1880">1880</a> – <a href="/wiki/Michel_Fokine" title="Michel Fokine">Michel Fokine</a>, Russian dancer and choreographer (d. 1942)</li>
<li><a href="/wiki/1882" title="1882">1882</a> – <a href="/wiki/Albert_Coates_(musician)" title="Albert Coates (musician)">Albert Coates</a>, English composer and conductor (d. 1953)</li>
<li><a href="/wiki/1888" title="1888">1888</a> – <a href="/wiki/Georges_Vanier" title="Georges Vanier">Georges Vanier</a>, Canadian general and politician, 19th <a href="/wiki/Governor_General_of_Canada" title="Governor General of Canada">Governor General of Canada</a> (d. 1967)</li>
<li><a href="/wiki/1889" title="1889">1889</a> – <a href="/wiki/Karel_Doorman" title="Karel Doorman">Karel Doorman</a>, Dutch admiral (d. 1942)</li>
<li><a href="/wiki/1893" title="1893">1893</a> – <a href="/wiki/Frank_Borzage" title="Frank Borzage">Frank Borzage</a>, American actor and director (d. 1952)</li>
<li><a href="/wiki/1895" title="1895">1895</a> – <a href="/wiki/Ngaio_Marsh" title="Ngaio Marsh">Ngaio Marsh</a>, New Zealand author and director (d. 1982)<sup class="reference" id="cite_ref-21"><a href="#cite_note-21">[21]</a></sup></li>
<li><a href="/wiki/1897" title="1897">1897</a> – <a href="/wiki/Folke_Jansson" title="Folke Jansson">Folke Jansson</a>, Swedish athlete (d. 1965)</li>
<li>1897   – <a href="/wiki/Lester_B._Pearson" title="Lester B. Pearson">Lester B. Pearson</a>, Canadian historian and politician, 14th <a href="/wiki/Prime_Minister_of_Canada" title="Prime Minister of Canada">Prime Minister of Canada</a>, <a class="mw-redirect" href="/wiki/Nobel_Peace" title="Nobel Peace">Nobel Prize</a> laureate (d. 1972)</li>
<li><a href="/wiki/1898" title="1898">1898</a> – <a href="/wiki/Lucius_D._Clay" title="Lucius D. Clay">Lucius D. Clay</a>, American general (d. 1978)</li>
<li><a href="/wiki/1899" title="1899">1899</a> – <a href="/wiki/Bertil_Ohlin" title="Bertil Ohlin">Bertil Ohlin</a>, Swedish economist and politician, <a href="/wiki/Nobel_Memorial_Prize_in_Economic_Sciences" title="Nobel Memorial Prize in Economic Sciences">Nobel Prize</a> laureate (d. 1979)</li>
<li>1899   – <a href="/wiki/Minoru_Shirota" title="Minoru Shirota">Minoru Shirota</a>, Japanese physician and microbiologist, invented <a href="/wiki/Yakult" title="Yakult">Yakult</a> (d. 1982)</li>
<li><a href="/wiki/1900" title="1900">1900</a> – <a href="/wiki/Jim_Bottomley" title="Jim Bottomley">Jim Bottomley</a>, American baseball player and sportscaster (d. 1959)<sup class="reference" id="cite_ref-22"><a href="#cite_note-22">[22]</a></sup></li>
<li>1900   – <a href="/wiki/Joseph_Green_(actor)" title="Joseph Green (actor)">Joseph Green</a>, Polish-American actor and director (d. 1996)</li>
<li><a href="/wiki/1901" title="1901">1901</a> – <a href="/wiki/E._B._Ford" title="E. B. Ford">E. B. Ford</a>, English biologist and geneticist (d. 1988)</li>
<li><a href="/wiki/1902" title="1902">1902</a> – <a href="/wiki/Halld%C3%B3r_Laxness" title="Halldór Laxness">Halldór Laxness</a>, Icelandic author and poet, <a href="/wiki/Nobel_Prize_in_Literature" title="Nobel Prize in Literature">Nobel Prize</a> laureate (d. 1998)</li>
<li><a href="/wiki/1903" title="1903">1903</a> – <a href="/wiki/Guy_Simonds" title="Guy Simonds">Guy Simonds</a>, English-Canadian general (d. 1974)</li>
<li><a href="/wiki/1904" title="1904">1904</a> – <a href="/wiki/Clifford_Bricker" title="Clifford Bricker">Clifford Bricker</a>, Canadian long-distance runner (d. 1980)</li>
<li>1904   – <a href="/wiki/Louis_Muhlstock" title="Louis Muhlstock">Louis Muhlstock</a>, Polish-Canadian painter (d. 2001)</li>
<li>1904   – <a href="/wiki/Duncan_Renaldo" title="Duncan Renaldo">Duncan Renaldo</a>, American actor (d. 1985)</li>
<li><a href="/wiki/1907" title="1907">1907</a> – <a href="/wiki/Lee_Miller" title="Lee Miller">Lee Miller</a>, American model and photographer (d. 1977)</li>
<li>1907   – <a href="/wiki/Fritz_Wotruba" title="Fritz Wotruba">Fritz Wotruba</a>, Austrian sculptor, designed the <a href="/wiki/Wotruba_Church" title="Wotruba Church">Wotruba Church</a> (d. 1975)</li>
<li><a href="/wiki/1908" title="1908">1908</a> – <a href="/wiki/Myron_Waldman" title="Myron Waldman">Myron Waldman</a>, American animator and director (d. 2006)</li>
<li><a href="/wiki/1910" title="1910">1910</a> – <a href="/wiki/Sheila_Scott_Macintyre" title="Sheila Scott Macintyre">Sheila Scott Macintyre</a>, Scottish mathematician (d. 1960)<sup class="reference" id="cite_ref-23"><a href="#cite_note-23">[23]</a></sup></li>
<li>1910   – <a href="/wiki/Simone_Simon" title="Simone Simon">Simone Simon</a>, French actress (d. 2005)<sup class="reference" id="cite_ref-24"><a href="#cite_note-24">[24]</a></sup></li>
<li><a href="/wiki/1911" title="1911">1911</a> – <a href="/wiki/Ronald_Neame" title="Ronald Neame">Ronald Neame</a>, English-American director, cinematographer, producer, and screenwriter (d. 2010)</li>
<li><a href="/wiki/1913" title="1913">1913</a> – <a href="/wiki/Diosa_Costello" title="Diosa Costello">Diosa Costello</a>, Puerto Rican-American entertainer, producer, and club owner (d. 2013)</li>
<li><a href="/wiki/1915" title="1915">1915</a> – <a href="/wiki/Arnold_Alexander_Hall" title="Arnold Alexander Hall">Arnold Alexander Hall</a>, English engineer, academic, and businessman (d. 2000)</li>
<li><a href="/wiki/1916" title="1916">1916</a> – <a href="/wiki/Ivo_Lola_Ribar" title="Ivo Lola Ribar">Ivo Lola Ribar</a>, Yugoslav communist politician, military leader, and <a class="mw-redirect" href="/wiki/People%27s_Hero_of_Yugoslavia" title="People's Hero of Yugoslavia">People's Hero of Yugoslavia</a> (d. 1943)<sup class="reference" id="cite_ref-25"><a href="#cite_note-25">[25]</a></sup></li>
<li>1916 – <a href="/wiki/Yiannis_Moralis" title="Yiannis Moralis">Yiannis Moralis</a>, Greek painter and educator (d. 2009)</li>
<li>1916   – <a href="/wiki/Sinah_Estelle_Kelley" title="Sinah Estelle Kelley">Sinah Estelle Kelley</a>, American chemist (d. 1982)</li>
<li><a href="/wiki/1917" title="1917">1917</a> – <a href="/wiki/Dorian_Leigh" title="Dorian Leigh">Dorian Leigh</a>, American model (d. 2008)</li>
<li>1917   – <a href="/wiki/Tony_Lupien" title="Tony Lupien">Tony Lupien</a>, American baseball player and coach (d. 2004)</li>
<li><a href="/wiki/1918" title="1918">1918</a> – <a href="/wiki/Maurice_Druon" title="Maurice Druon">Maurice Druon</a>, French author and screenwriter (d. 2009)<sup class="reference" id="cite_ref-26"><a href="#cite_note-26">[26]</a></sup></li>
<li><a href="/wiki/1919" title="1919">1919</a> – <a href="/wiki/Oleg_Penkovsky" title="Oleg Penkovsky">Oleg Penkovsky</a>, Russian colonel (d. 1963)</li>
<li><a href="/wiki/1920" title="1920">1920</a> – <a class="mw-redirect" href="/wiki/Eric_Grant_Yarrow,_3rd_Baronet" title="Eric Grant Yarrow, 3rd Baronet">Eric Grant Yarrow, 3rd Baronet</a>, English businessman (d. 2018)</li>
<li><a href="/wiki/1921" title="1921">1921</a> – <a href="/wiki/Judy_Agnew" title="Judy Agnew">Judy Agnew</a>, <a class="mw-redirect" href="/wiki/Second_Lady_of_the_United_States" title="Second Lady of the United States">Second Lady of the United States</a> (d. 2012)<sup class="reference" id="cite_ref-27"><a href="#cite_note-27">[27]</a></sup></li>
<li>1921   – <a href="/wiki/Cleto_Bellucci" title="Cleto Bellucci">Cleto Bellucci</a>, Italian archbishop (d. 2013)</li>
<li>1921   – <a href="/wiki/Janet_Blair" title="Janet Blair">Janet Blair</a>, American actress and singer (d. 2007)</li>
<li>1921   – <a href="/wiki/Warren_Spahn" title="Warren Spahn">Warren Spahn</a>, American baseball player and coach (d. 2003)</li>
<li><a href="/wiki/1923" title="1923">1923</a> – <a href="/wiki/Dolph_Briscoe" title="Dolph Briscoe">Dolph Briscoe</a>, American lieutenant and politician, 41st <a href="/wiki/Governor_of_Texas" title="Governor of Texas">Governor of Texas</a> (d. 2010)</li>
<li>1923   – <a href="/wiki/Avram_Davidson" title="Avram Davidson">Avram Davidson</a>, American soldier and author (d. 1993)</li>
<li><a href="/wiki/1924" title="1924">1924</a> – <a href="/wiki/Chuck_Harmon" title="Chuck Harmon">Chuck Harmon</a>, American baseball player and scout (d. 2019)</li>
<li>1924   – <a href="/wiki/Bobby_Rosengarden" title="Bobby Rosengarden">Bobby Rosengarden</a>, American drummer and bandleader (d. 2007)</li>
<li><a href="/wiki/1926" title="1926">1926</a> – <a class="mw-redirect" href="/wiki/J.P._Donleavy" title="J.P. Donleavy">J.P. Donleavy</a>, American-Irish novelist and playwright (d. 2017)</li>
<li>1926   – <a href="/wiki/Rifaat_el-Mahgoub" title="Rifaat el-Mahgoub">Rifaat el-Mahgoub</a>, Egyptian politician (d. 1990)</li>
<li><a href="/wiki/1928" title="1928">1928</a> – <a href="/wiki/Shirley_Temple" title="Shirley Temple">Shirley Temple</a>, American actress, singer, dancer, and diplomat (d. 2014)<sup class="reference" id="cite_ref-28"><a href="#cite_note-28">[28]</a></sup></li>
<li><a href="/wiki/1929" title="1929">1929</a> – <a href="/wiki/George_Steiner" title="George Steiner">George Steiner</a>, French-American philosopher, author, and critic (d. 2020)<sup class="reference" id="cite_ref-Lehmann-Haupt_29-0"><a href="#cite_note-Lehmann-Haupt-29">[29]</a></sup></li>
<li><a href="/wiki/1932" title="1932">1932</a> – <a href="/wiki/Halston" title="Halston">Halston</a>, American fashion designer (d. 1990)</li>
<li>1932   – <a href="/wiki/Jim_Fixx" title="Jim Fixx">Jim Fixx</a>, American runner and author (d. 1984)</li>
<li><a href="/wiki/1933" title="1933">1933</a> – <a href="/wiki/Annie_Easley" title="Annie Easley">Annie Easley</a>, American computer scientist, mathematician, and engineer (d. 2011)</li>
<li><a href="/wiki/1934" title="1934">1934</a> – <a href="/wiki/George_Canseco" title="George Canseco">George Canseco</a>, Filipino composer and producer (d. 2004)</li>
<li><a href="/wiki/1936" title="1936">1936</a> – <a href="/wiki/Roy_Orbison" title="Roy Orbison">Roy Orbison</a>, American singer-songwriter (d. 1988)</li>
<li><a href="/wiki/1937" title="1937">1937</a> – <a href="/wiki/Victoria_Glendinning" title="Victoria Glendinning">Victoria Glendinning</a>, English author and critic</li>
<li>1937   – <a href="/wiki/David_Mills_(cricketer)" title="David Mills (cricketer)">David Mills</a>, English cricketer (d. 2013)</li>
<li>1937   – <a href="/wiki/Barry_Shepherd" title="Barry Shepherd">Barry Shepherd</a>, Australian cricketer (d. 2001)</li>
<li><a href="/wiki/1939" title="1939">1939</a> – <a href="/wiki/Jorge_Fons" title="Jorge Fons">Jorge Fons</a>, Mexican director and screenwriter (d. 2022)</li>
<li>1939   – <a class="mw-redirect" href="/wiki/Bill_Hagerty_(newspaper_editor)" title="Bill Hagerty (newspaper editor)">Bill Hagerty</a>, English journalist</li>
<li>1939   – <a href="/wiki/Lee_Majors" title="Lee Majors">Lee Majors</a>, American actor</li>
<li>1939   – <a href="/wiki/Ray_Peterson" title="Ray Peterson">Ray Peterson</a>, American pop singer (d. 2005)</li>
<li><a href="/wiki/1940" title="1940">1940</a> – <a href="/wiki/Michael_Copps" title="Michael Copps">Michael Copps</a>, American academic and politician</li>
<li>1940   – <a href="/wiki/Dale_Houston" title="Dale Houston">Dale Houston</a>, American singer-songwriter (d. 2007)</li>
<li>1940   – <a href="/wiki/Michael_Kadosh" title="Michael Kadosh">Michael Kadosh</a>, Israeli footballer and manager (d. 2014)</li>
<li><a href="/wiki/1941" title="1941">1941</a> – <a href="/wiki/Jacqueline_Boyer" title="Jacqueline Boyer">Jacqueline Boyer</a>, French singer and actress</li>
<li>1941   – <a href="/wiki/Arie_den_Hartog" title="Arie den Hartog">Arie den Hartog</a>, Dutch road bicycle racer (d. 2018)</li>
<li>1941   – <a href="/wiki/Paavo_Lipponen" title="Paavo Lipponen">Paavo Lipponen</a>, Finnish journalist and politician, 38th <a href="/wiki/Prime_Minister_of_Finland" title="Prime Minister of Finland">Prime Minister of Finland</a></li>
<li>1941   – <a href="/wiki/Michael_Lynne" title="Michael Lynne">Michael Lynne</a>, American film producer, co-founded <a href="/wiki/New_Line_Cinema" title="New Line Cinema">New Line Cinema</a> (d. 2019)</li>
<li>1941   – <a href="/wiki/Ed_Stewart" title="Ed Stewart">Ed Stewart</a>, English radio and television host (d. 2016)</li>
<li>1941   – <a href="/wiki/Ray_Tomlinson" title="Ray Tomlinson">Ray Tomlinson</a>, American computer programmer and engineer (d. 2016)</li>
<li><a href="/wiki/1942" title="1942">1942</a> – <a href="/wiki/Sandra_Dee" title="Sandra Dee">Sandra Dee</a>, American model and actress (d. 2005)</li>
<li><a href="/wiki/1943" title="1943">1943</a> – <a href="/wiki/Gail_Goodrich" title="Gail Goodrich">Gail Goodrich</a>, American basketball player and coach</li>
<li>1943   – <a href="/wiki/Tony_Esposito" title="Tony Esposito">Tony Esposito</a>, Canadian-American ice hockey player, coach, and manager (d. 2021)</li>
<li>1943   – <a href="/wiki/Frans_Koppelaar" title="Frans Koppelaar">Frans Koppelaar</a>, Dutch painter</li>
<li>1943   – <a href="/wiki/Herv%C3%A9_Villechaize" title="Hervé Villechaize">Hervé Villechaize</a>, French actor (d. 1993)</li>
<li><a href="/wiki/1944" title="1944">1944</a> – <a href="/wiki/Jean-Fran%C3%A7ois_St%C3%A9venin" title="Jean-François Stévenin">Jean-François Stévenin</a>, French actor and director (d. 2021)</li>
<li><a href="/wiki/1946" title="1946">1946</a> – <a href="/wiki/Blair_Brown" title="Blair Brown">Blair Brown</a>, American actress</li>
<li>1946   – <a href="/wiki/Carlton_Sherwood" title="Carlton Sherwood">Carlton Sherwood</a>, American soldier and journalist (d. 2014)</li>
<li><a href="/wiki/1947" title="1947">1947</a> – <a href="/wiki/Robert_Burgess_(sociologist)" title="Robert Burgess (sociologist)">Robert Burgess</a>, English sociologist and academic (d. 2022)</li>
<li>1947   – <a href="/wiki/Glenn_Cornick" title="Glenn Cornick">Glenn Cornick</a>, English bass player (d. 2014)</li>
<li>1947   – <a href="/wiki/Bernadette_Devlin_McAliskey" title="Bernadette Devlin McAliskey">Bernadette Devlin McAliskey</a>, Irish civil rights leader and politician</li>
<li><a href="/wiki/1948" title="1948">1948</a> – <a href="/wiki/Pascal_Quignard" title="Pascal Quignard">Pascal Quignard</a>, French author and screenwriter</li>
<li>1948   – <a href="/wiki/Serge_Th%C3%A9riault" title="Serge Thériault">Serge Thériault</a>, Canadian actor</li>
<li><a href="/wiki/1949" title="1949">1949</a> – <a href="/wiki/Paul_Collier" title="Paul Collier">Paul Collier</a>, English economist and academic</li>
<li>1949   – <a href="/wiki/David_Cross_(musician)" title="David Cross (musician)">David Cross</a>, English violinist</li>
<li>1949   – <a href="/wiki/John_Miles_(musician)" title="John Miles (musician)">John Miles</a>, British rock singer, songwriter, and guitarist (d. 2021)</li>
<li><a href="/wiki/1950" title="1950">1950</a> – <a href="/wiki/Rowley_Leigh" title="Rowley Leigh">Rowley Leigh</a>, English chef and journalist</li>
<li>1950   – <a href="/wiki/Barbara_McIlvaine_Smith" title="Barbara McIlvaine Smith">Barbara McIlvaine Smith</a>, <a href="/wiki/Sac_and_Fox_Nation" title="Sac and Fox Nation">Sac and Fox Nation</a> Native American politician</li>
<li><a href="/wiki/1951" title="1951">1951</a> – <a href="/wiki/Martin_Bayerle" title="Martin Bayerle">Martin Bayerle</a>, American treasure hunter</li>
<li><a href="/wiki/1952" title="1952">1952</a> – <a href="/wiki/Narada_Michael_Walden" title="Narada Michael Walden">Narada Michael Walden</a>, American singer-songwriter, drummer, and producer</li>
<li><a href="/wiki/1953" title="1953">1953</a> – <a href="/wiki/James_Russo" title="James Russo">James Russo</a>, American actor, director, producer, and screenwriter</li>
<li><a href="/wiki/1954" title="1954">1954</a> – <a href="/wiki/Stephen_Dalton" title="Stephen Dalton">Stephen Dalton</a>, English air marshal</li>
<li>1954   – <a href="/wiki/Michael_Moore" title="Michael Moore">Michael Moore</a>, American director, producer, and activist</li>
<li><a href="/wiki/1955" title="1955">1955</a> – <a href="/wiki/Judy_Davis" title="Judy Davis">Judy Davis</a>, Australian actress</li>
<li>1955   – <a href="/wiki/Tony_Miles" title="Tony Miles">Tony Miles</a>, English chess player (d. 2001)</li>
<li>1955   – <a href="/wiki/Urmas_Ott" title="Urmas Ott">Urmas Ott</a>, Estonian journalist and author (d. 2008)</li>
<li><a href="/wiki/1957" title="1957">1957</a> – <a href="/wiki/Neville_Brody" title="Neville Brody">Neville Brody</a>, English graphic designer, typographer, and art director</li>
<li>1957   – <a href="/wiki/Jan_Hooks" title="Jan Hooks">Jan Hooks</a>, American actress and comedian (d. 2014)</li>
<li><a href="/wiki/1958" title="1958">1958</a> – <a href="/wiki/Hilmar_%C3%96rn_Hilmarsson" title="Hilmar Örn Hilmarsson">Hilmar Örn Hilmarsson</a>, Icelandic composer and producer</li>
<li>1958   – <a href="/wiki/Ryan_Walter" title="Ryan Walter">Ryan Walter</a>, Canadian ice hockey player and coach</li>
<li><a href="/wiki/1959" title="1959">1959</a> – <a href="/wiki/Unity_Dow" title="Unity Dow">Unity Dow</a>, Botswanan judge, author, and rights activist<sup class="reference" id="cite_ref-30"><a href="#cite_note-30">[30]</a></sup></li>
<li><a href="/wiki/1960" title="1960">1960</a> – <a href="/wiki/Valerie_Bertinelli" title="Valerie Bertinelli">Valerie Bertinelli</a>, American actress</li>
<li>1960   – <a href="/wiki/Steve_Clark" title="Steve Clark">Steve Clark</a>, English guitarist and songwriter (d. 1991)</li>
<li>1960   – <a class="mw-redirect" href="/wiki/Barry_Douglas_(musician)" title="Barry Douglas (musician)">Barry Douglas</a>, Irish pianist and conductor</li>
<li>1960   – <a href="/wiki/L%C3%A9o_Jaime" title="Léo Jaime">Léo Jaime</a>, Brazilian singer-songwriter, guitarist, and actor</li>
<li>1960   – <a href="/wiki/Claude_Julien_(ice_hockey)" title="Claude Julien (ice hockey)">Claude Julien</a>, Canadian ice hockey player and coach</li>
<li><a href="/wiki/1961" title="1961">1961</a> – <a href="/wiki/George_Lopez" title="George Lopez">George Lopez</a>, American comedian, actor, and talk show host</li>
<li>1961   – <a href="/wiki/Pierluigi_Martini" title="Pierluigi Martini">Pierluigi Martini</a>, Italian race car driver</li>
<li><a href="/wiki/1962" title="1962">1962</a> – <a href="/wiki/John_Hannah_(actor)" title="John Hannah (actor)">John Hannah</a>, Scottish actor and producer</li>
<li>1962   – <a href="/wiki/Shaun_Spiers" title="Shaun Spiers">Shaun Spiers</a>, English businessman and politician</li>
<li><a href="/wiki/1963" title="1963">1963</a> – <a href="/wiki/Paul_Belmondo" title="Paul Belmondo">Paul Belmondo</a>, French race car driver</li>
<li>1963   – <a href="/wiki/Robby_Naish" title="Robby Naish">Robby Naish</a>, American windsurfer</li>
<li><a href="/wiki/1964" title="1964">1964</a> – <a href="/wiki/Gianandrea_Noseda" title="Gianandrea Noseda">Gianandrea Noseda</a>, Italian pianist and conductor</li>
<li><a href="/wiki/1965" title="1965">1965</a> – <a href="/wiki/Leni_Robredo" title="Leni Robredo">Leni Robredo</a>, Filipina human rights lawyer, 14th <a href="/wiki/Vice_President_of_the_Philippines" title="Vice President of the Philippines">Vice President of the Philippines</a></li>
<li><a href="/wiki/1966" title="1966">1966</a> – <a href="/wiki/Joerg_Deisinger" title="Joerg Deisinger">Jörg Deisinger</a>, German bass player</li>
<li>1966   – <a href="/wiki/Matt_Freeman" title="Matt Freeman">Matt Freeman</a>, American bass player</li>
<li>1966   – <a href="/wiki/Lembit_Oll" title="Lembit Oll">Lembit Oll</a>, Estonian chess Grandmaster (d. 1999)</li>
<li><a href="/wiki/1967" title="1967">1967</a> – <a href="/wiki/Rh%C3%A9al_Cormier" title="Rhéal Cormier">Rhéal Cormier</a>, Canadian baseball player (d. 2021)</li>
<li>1967   – <a href="/wiki/Melina_Kanakaredes" title="Melina Kanakaredes">Melina Kanakaredes</a>, American actress</li>
<li><a href="/wiki/1968" title="1968">1968</a> – <a href="/wiki/Bas_Haring" title="Bas Haring">Bas Haring</a>, Dutch philosopher, writer, television presenter and professor.</li>
<li>1968   – <a href="/wiki/Ken_McRae" title="Ken McRae">Ken McRae</a>, Canadian ice hockey player and coach</li>
<li>1968   – <a href="/wiki/Timothy_McVeigh" title="Timothy McVeigh">Timothy McVeigh</a>, American terrorist, <a href="/wiki/Oklahoma_City_bombing" title="Oklahoma City bombing">Oklahoma City bombing</a> co-perpetrator (d. 2001)</li>
<li><a href="/wiki/1969" title="1969">1969</a> – <a href="/wiki/Mart%C3%ADn_L%C3%B3pez-Zubero" title="Martín López-Zubero">Martín López-Zubero</a>, American-Spanish swimmer and coach</li>
<li>1969   – <a href="/wiki/Yelena_Shushunova" title="Yelena Shushunova">Yelena Shushunova</a>, Russian gymnast (d. 2018)</li>
<li><a href="/wiki/1970" title="1970">1970</a> – <a href="/wiki/Egemen_Ba%C4%9F%C4%B1%C5%9F" title="Egemen Bağış">Egemen Bağış</a>, Turkish politician, 1st <a class="mw-redirect" href="/wiki/Ministry_of_European_Union_Affairs" title="Ministry of European Union Affairs">Minister of European Union Affairs</a></li>
<li>1970   – <a href="/wiki/Dennis_Culp" title="Dennis Culp">Dennis Culp</a>, American singer-songwriter and trombonist</li>
<li>1970   – <a href="/wiki/Andrew_Gee_(rugby_league)" title="Andrew Gee (rugby league)">Andrew Gee</a>, Australian rugby league player and manager</li>
<li>1970   – <a href="/wiki/Hans_V%C3%A4lim%C3%A4ki" title="Hans Välimäki">Hans Välimäki</a>, Finnish chef and author</li>
<li>1970   – <a href="/wiki/Tayfur_Havut%C3%A7u" title="Tayfur Havutçu">Tayfur Havutçu</a>, Turkish international footballer and manager</li>
<li><a href="/wiki/1971" title="1971">1971</a> – <a href="/wiki/Uli_Herzner" title="Uli Herzner">Uli Herzner</a>, German-American fashion designer</li>
<li><a href="/wiki/1972" title="1972">1972</a> – <a href="/wiki/Pierre_Labrie" title="Pierre Labrie">Pierre Labrie</a>, Canadian poet and playwright</li>
<li>1972   – <a href="/wiki/Peter_Dench" title="Peter Dench">Peter Dench</a>, English photographer and journalist</li>
<li>1972   – <a href="/wiki/Amira_Medunjanin" title="Amira Medunjanin">Amira Medunjanin</a>, Bosnian singer</li>
<li><a href="/wiki/1973" title="1973">1973</a> – <a href="/wiki/Patrick_Poulin" title="Patrick Poulin">Patrick Poulin</a>, Canadian ice hockey player</li>
<li><a href="/wiki/1974" title="1974">1974</a> – <a href="/wiki/Carlos_Dengler" title="Carlos Dengler">Carlos Dengler</a>, American bass player</li>
<li>1974   – <a class="mw-redirect" href="/wiki/Michael_Kerr_(rugby)" title="Michael Kerr (rugby)">Michael Kerr</a>, New Zealand-German rugby player</li>
<li><a href="/wiki/1975" title="1975">1975</a> – <a href="/wiki/Bobby_Shaw" title="Bobby Shaw">Bobby Shaw</a>, American football player</li>
<li><a href="/wiki/1976" title="1976">1976</a> – <a href="/wiki/Gabriel_Damon" title="Gabriel Damon">Gabriel Damon</a>, American actor<sup class="reference" id="cite_ref-31"><a href="#cite_note-31">[31]</a></sup></li>
<li>1976   – <a href="/wiki/Aaron_Dessner" title="Aaron Dessner">Aaron Dessner</a>, American guitarist, songwriter, and producer</li>
<li><a href="/wiki/1977" title="1977">1977</a> – <a href="/wiki/John_Cena" title="John Cena">John Cena</a>, American professional wrestler and actor</li>
<li>1977   – <a href="/wiki/Andruw_Jones" title="Andruw Jones">Andruw Jones</a>, Curaçaoan baseball player<sup class="reference" id="cite_ref-32"><a href="#cite_note-32">[32]</a></sup></li>
<li>1977   – <a href="/wiki/David_Kidwell" title="David Kidwell">David Kidwell</a>, New Zealand rugby league player and coach</li>
<li>1977   – <a href="/wiki/Willie_Mitchell_(ice_hockey)" title="Willie Mitchell (ice hockey)">Willie Mitchell</a>, Canadian ice hockey player</li>
<li>1977   – <a href="/wiki/John_Oliver" title="John Oliver">John Oliver</a>, English comedian, actor, producer, and screenwriter</li>
<li>1977   – <a href="/wiki/Kal_Penn" title="Kal Penn">Kal Penn</a>, Indian-American actor</li>
<li>1977   – <a href="/wiki/Bram_Schmitz" title="Bram Schmitz">Bram Schmitz</a>, Dutch cyclist</li>
<li>1977   – <a href="/wiki/Lee_Young-pyo" title="Lee Young-pyo">Lee Young-pyo</a>, South Korean international footballer<sup class="reference" id="cite_ref-33"><a href="#cite_note-33">[33]</a></sup></li>
<li><a href="/wiki/1978" title="1978">1978</a> – <a href="/wiki/Gezahegne_Abera" title="Gezahegne Abera">Gezahegne Abera</a>, Ethiopian runner</li>
<li><a href="/wiki/1979" title="1979">1979</a> – <a href="/wiki/Barry_Hawkins" title="Barry Hawkins">Barry Hawkins</a>, English snooker player</li>
<li>1979   – <a href="/wiki/Jaime_King" title="Jaime King">Jaime King</a>, American actress and model</li>
<li>1979   – <a href="/wiki/Joanna_Krupa" title="Joanna Krupa">Joanna Krupa</a>, Polish-American model and television personality</li>
<li>1979   – <a href="/wiki/Samppa_Lajunen" title="Samppa Lajunen">Samppa Lajunen</a>, Finnish skier</li>
<li><a href="/wiki/1980" title="1980">1980</a> – <a href="/wiki/Nicole_den_Dulk" title="Nicole den Dulk">Nicole den Dulk</a>, Dutch Paralympic equestrian<sup class="reference" id="cite_ref-34"><a href="#cite_note-34">[34]</a></sup></li>
<li><a href="/wiki/1982" title="1982">1982</a> – <a href="/wiki/Kyle_Beckerman" title="Kyle Beckerman">Kyle Beckerman</a>, American footballer<sup class="reference" id="cite_ref-35"><a href="#cite_note-35">[35]</a></sup></li>
<li>1982   – <a href="/wiki/Tony_Sunshine" title="Tony Sunshine">Tony Sunshine</a>, American singer-songwriter</li>
<li><a href="/wiki/1983" title="1983">1983</a> – <a href="/wiki/Leon_Andreasen" title="Leon Andreasen">Leon Andreasen</a>, Danish international footballer<sup class="reference" id="cite_ref-36"><a href="#cite_note-36">[36]</a></sup></li>
<li>1983   – <a href="/wiki/Daniela_Hantuchov%C3%A1" title="Daniela Hantuchová">Daniela Hantuchová</a>, Slovak tennis player</li>
<li>1983   – <a href="/wiki/Ian_Henderson_(rugby_league)" title="Ian Henderson (rugby league)">Ian Henderson</a>, English rugby league player</li>
<li><a href="/wiki/1984" title="1984">1984</a> – <a href="/wiki/Alexandra_Kosteniuk" title="Alexandra Kosteniuk">Alexandra Kosteniuk</a>, Russian chess player</li>
<li>1984   – <a href="/wiki/Moose_(wrestler)" title="Moose (wrestler)">Moose</a>, American professional wrestler and football player<sup class="reference" id="cite_ref-37"><a href="#cite_note-37">[37]</a></sup></li>
<li>1984   – <a href="/wiki/Jesse_Lee_Soffer" title="Jesse Lee Soffer">Jesse Lee Soffer</a>, American actor</li>
<li><a href="/wiki/1985" title="1985">1985</a> – <a href="/wiki/Angel_Locsin" title="Angel Locsin">Angel Locsin</a>, Filipino actress, producer, and fashion designer</li>
<li><a href="/wiki/1986" title="1986">1986</a> – <a href="/wiki/Sven_Kramer" title="Sven Kramer">Sven Kramer</a>, Dutch speed skater</li>
<li>1986   – <a href="/wiki/Alysia_Monta%C3%B1o" title="Alysia Montaño">Alysia Montaño</a>, American runner</li>
<li>1986   – <a href="/wiki/Rafael_Fernandes_(baseball)" title="Rafael Fernandes (baseball)">Rafael Fernandes</a>, Brazilian baseball player</li>
<li><a href="/wiki/1987" title="1987">1987</a> – <a href="/wiki/Michael_Arroyo" title="Michael Arroyo">Michael Arroyo</a>, Ecuadorian footballer</li>
<li>1987   – <a href="/wiki/John_Boye" title="John Boye">John Boye</a>, Ghanaian footballer</li>
<li>1987   – <a href="/wiki/Emily_Fox_(basketball)" title="Emily Fox (basketball)">Emily Fox</a>, American basketball player</li>
<li><a href="/wiki/1988" title="1988">1988</a> – <a href="/wiki/Victor_Anichebe" title="Victor Anichebe">Victor Anichebe</a>, Nigerian footballer</li>
<li>1988   – <a href="/wiki/Sandra_Borch" title="Sandra Borch">Sandra Borch</a>, Norwegian politician<sup class="reference" id="cite_ref-38"><a href="#cite_note-38">[38]</a></sup></li>
<li>1988   – <a href="/wiki/Alistair_Brownlee" title="Alistair Brownlee">Alistair Brownlee</a>, English triathlete</li>
<li>1988   – <a href="/wiki/Signe_Ronka" title="Signe Ronka">Signe Ronka</a>, Canadian figure skater</li>
<li>1988   – <a href="/wiki/Lenka_Wienerov%C3%A1" title="Lenka Wienerová">Lenka Wienerová</a>, Slovak tennis player</li>
<li><a href="/wiki/1989" title="1989">1989</a> – <a href="/wiki/Nicole_Vaidi%C5%A1ov%C3%A1" title="Nicole Vaidišová">Nicole Vaidišová</a>, Czech tennis player</li>
<li><a href="/wiki/1990" title="1990">1990</a> – <a href="/wiki/Rui_Fonte" title="Rui Fonte">Rui Fonte</a>, Portuguese footballer<sup class="reference" id="cite_ref-39"><a href="#cite_note-39">[39]</a></sup></li>
<li>1990   – <a href="/wiki/Dev_Patel" title="Dev Patel">Dev Patel</a>, English actor</li>
<li><a href="/wiki/1991" title="1991">1991</a> – <a href="/wiki/Britt_Baker" title="Britt Baker">Britt Baker</a>, American professional wrestler<sup class="reference" id="cite_ref-40"><a href="#cite_note-40">[40]</a></sup></li>
<li>1991   – <a class="mw-redirect" href="/wiki/Nathan_Baker_(footballer)" title="Nathan Baker (footballer)">Nathan Baker</a>, English footballer</li>
<li>1991   – <a class="mw-redirect" href="/wiki/Caleb_Johnson_(singer)" title="Caleb Johnson (singer)">Caleb Johnson</a>, American singer-songwriter</li>
<li>1991   – <a href="/wiki/Paul_Vaughan_(rugby_league)" title="Paul Vaughan (rugby league)">Paul Vaughan</a>, Australian-Italian rugby league player</li>
<li><a href="/wiki/1994" title="1994">1994</a> – <a href="/wiki/Patrick_Olsen" title="Patrick Olsen">Patrick Olsen</a>, Danish footballer</li>
<li>1994   – <a href="/wiki/Song_Kang" title="Song Kang">Song Kang</a>, South Korean actor</li>
<li><a href="/wiki/1995" title="1995">1995</a> – <a href="/wiki/Gigi_Hadid" title="Gigi Hadid">Gigi Hadid</a>, American fashion model and television personality</li>
<li>1995   – <a href="/wiki/Jamie_Hayter" title="Jamie Hayter">Jamie Hayter</a>, English professional wrestler<sup class="reference" id="cite_ref-41"><a href="#cite_note-41">[41]</a></sup></li>
<li><a href="/wiki/1996" title="1996">1996</a> – <a href="/wiki/Carolina_Alves_(tennis)" title="Carolina Alves (tennis)">Carolina Alves</a>, Brazilian tennis player<sup class="reference" id="cite_ref-42"><a href="#cite_note-42">[42]</a></sup></li>
<li><a href="/wiki/1997" title="1997">1997</a> – <a href="/wiki/Zach_Apple" title="Zach Apple">Zach Apple</a>, American swimmer<sup class="reference" id="cite_ref-43"><a href="#cite_note-43">[43]</a></sup></li>
<li><a href="/wiki/1999" title="1999">1999</a> – <a href="/wiki/Chaeyoung" title="Chaeyoung">Son Chaeyoung</a>, South Korean rapper and singer-songwriter<sup class="reference" id="cite_ref-44"><a href="#cite_note-44">[44]</a></sup></li>
<li><a href="/wiki/2000" title="2000">2000</a> – <a href="/wiki/Chloe_Kim" title="Chloe Kim">Chloe Kim</a>, American snowboarder<sup class="reference" id="cite_ref-45"><a href="#cite_note-45">[45]</a></sup></li>
<li>2000 – <a href="/wiki/Lee_Je-no" title="Lee Je-no">Lee Jeno</a>, South Korean rapper, vocalist and dancer<sup class="reference" id="cite_ref-46"><a href="#cite_note-46">[46]</a></sup></li>
<li><a href="/wiki/2018" title="2018">2018</a> – <a href="/wiki/Prince_Louis_of_Wales" title="Prince Louis of Wales">Prince Louis of Wales</a></li>
